Origin Customer ID,Destination Customer ID,Origin Region,Destination Region,Call Type,Call Timing,Duration,Unit Cost,Charge
1661,2906,Bahawalpur,Lahore,Text,Afternoon,1,1,1
2620,8195,Karachi,Faisalabad,MMS,Noon,9,3,27
7427,2906,Karachi,Karachi,MMS,Night,7,3,21
9308,8335,Karachi,Karachi,Voice,Noon,41,10,410
9898,7594,Karachi,Gujranwala,Text,Afternoon,5,1,5
1824,2620,Peshawar,Lahore,Text,Noon,3,1,3
2959,2862,Karachi,Lahore,Web,Noon,372,10,3720
4977,5945,Multan,Faisalabad,Voice,Morning,21,10,210
2173,8953,Faisalabad,Lahore,Text,Night,5,1,5
9220,8335,Karachi,Sukkur,Text,Noon,2,1,2
3883,3933,Lahore,Lahore,Text,Afternoon,1,1,1
7997,4602,Karachi,Gujranwala,MMS,Night,7,3,21
3707,5083,Karachi,Rawalpindi,Text,Late Night,1,1,1
2953,2620,Multan,Sukkur,Text,Afternoon,4,1,4
6708,7594,Karachi,Faisalabad,Text,Noon,1,1,1
9194,8335,Quetta,Peshawar,MMS,Morning,3,3,9
6197,2906,Faisalabad,Karachi,Voice,Morning,32,10,320
9669,1482,Karachi,Sargodha,Text,Morning,1,1,1
8821,9358,Lahore,Karachi,Text,Night,4,1,4
9194,6068,Faisalabad,Karachi,Text,Night,5,1,5
4632,8736,Sialkot,Karachi,Voice,Night,46,10,460
5649,6708,Faisalabad,Lahore,MMS,Afternoon,1,3,3
4280,2906,Lahore,Lahore,Text,Night,1,1,1
8494,5958,Gujranwala,Peshawar,Web,Night,918,10,9180
3495,2569,Karachi,Quetta,Text,Afternoon,8,1,8
7749,2620,Karachi,Faisalabad,Text,Noon,5,1,5
6633,2906,Karachi,Peshawar,Text,Late Night,8,1,8
2620,8772,Lahore,Karachi,MMS,Morning,2,3,6
4596,6671,Peshawar,Lahore,Text,Morning,8,1,8
2620,6422,Islamabad,Rawalpindi,Voice,Night,12,10,120
4927,2620,Karachi,Peshawar,Web,Night,113,10,1130
2906,6593,Lahore,Faisalabad,Voice,Afternoon,53,10,530
5958,3017,Rawalpindi,Lahore,Voice,Night,54,10,540
2620,2340,Lahore,Peshawar,Voice,Morning,55,10,550
8335,5780,Faisalabad,Karachi,Text,Night,5,1,5
2620,1380,Karachi,Quetta,Text,Afternoon,1,1,1
6489,6068,Peshawar,Faisalabad,Voice,Noon,40,10,400
5725,5958,Peshawar,Lahore,Text,Noon,4,1,4
5895,2620,Lahore,Karachi,Text,Morning,8,1,8
3495,3586,Lahore,Sargodha,Text,Night,9,1,9
2127,8522,Islamabad,Karachi,Voice,Morning,12,10,120
9934,2620,Quetta,Lahore,Text,Noon,5,1,5
2807,5797,Multan,Lahore,Voice,Morning,2,10,20
3239,6068,Lahore,Karachi,Voice,Late Night,41,10,410
8420,2620,Faisalabad,Multan,Text,Noon,2,1,2
9315,7421,Lahore,Karachi,Voice,Night,54,10,540
4502,9308,Karachi,Karachi,Text,Afternoon,1,1,1
2620,3361,Faisalabad,Multan,Text,Night,5,1,5
1824,2391,Lahore,Bahawalpur,Text,Afternoon,9,1,9
2620,6182,Multan,Rawalpindi,MMS,Night,8,3,24
6316,9194,Lahore,Bahawalpur,MMS,Noon,3,3,9
4571,2620,Rawalpindi,Lahore,Voice,Afternoon,21,10,210
1482,2065,Karachi,Karachi,MMS,Night,5,3,15
2620,6708,Karachi,Peshawar,Voice,Afternoon,56,10,560
4772,1869,Karachi,Rawalpindi,Text,Afternoon,5,1,5
5847,2906,Peshawar,Karachi,Text,Morning,2,1,2
5563,8335,Karachi,Quetta,MMS,Night,5,3,15
4607,8195,Lahore,Karachi,Text,Afternoon,3,1,3
2906,2953,Karachi,Karachi,Text,Afternoon,9,1,9
2065,1661,Multan,Lahore,Text,Afternoon,4,1,4
3239,9280,Bahawalpur,Karachi,MMS,Noon,4,3,12
5340,8879,Quetta,Karachi,Voice,Morning,26,10,260
2807,8825,Lahore,Karachi,Voice,Afternoon,23,10,230
3883,2065,Lahore,Peshawar,Text,Noon,8,1,8
6068,2906,Faisalabad,Lahore,Voice,Night,31,10,310
2906,5649,Karachi,Peshawar,Text,Noon,7,1,7
4211,4248,Gujranwala,Karachi,Text,Afternoon,7,1,7
5963,2906,Lahore,Lahore,MMS,Night,5,3,15
1966,2906,Lahore,Karachi,Text,Night,9,1,9
6075,9993,Lahore,Rawalpindi,Web,Noon,526,10,5260
1824,5071,Karachi,Peshawar,Text,Night,8,1,8
1202,8900,Lahore,Karachi,Voice,Afternoon,34,10,340
2906,9568,Karachi,Lahore,Text,Night,3,1,3
6068,3017,Karachi,Faisalabad,Web,Night,488,10,4880
8307,8011,Karachi,Karachi,Text,Afternoon,6,1,6
3157,8953,Karachi,Rawalpindi,Voice,Late Night,41,10,410
7594,4602,Karachi,Lahore,Text,Afternoon,4,1,4
2620,5958,Lahore,Rawalpindi,Text,Night,8,1,8
7749,1868,Lahore,Sialkot,Text,Night,4,1,4
3495,9898,Quetta,Peshawar,Text,Noon,3,1,3
8335,8821,Lahore,Lahore,Text,Night,3,1,3
8723,4502,Lahore,Sargodha,Text,Afternoon,3,1,3
8335,4143,Karachi,Lahore,Voice,Afternoon,55,10,550
2906,2620,Lahore,Karachi,Text,Noon,9,1,9
8312,4280,Lahore,Karachi,Text,Afternoon,8,1,8
8821,4245,Gujranwala,Lahore,MMS,Night,9,3,27
7749,5156,Lahore,Lahore,Web,Night,611,10,6110
2620,4211,Faisalabad,Karachi,MMS,Night,6,3,18
9074,4346,Karachi,Lahore,Voice,Late Night,2,10,20
3324,6068,Faisalabad,Lahore,Voice,Noon,27,10,270
2620,7869,Karachi,Islamabad,Text,Afternoon,5,1,5
5780,3707,Lahore,Lahore,MMS,Morning,5,3,15
4923,7137,Karachi,Lahore,Text,Afternoon,2,1,2
5780,4571,Rawalpindi,Karachi,Text,Noon,5,1,5
3586,2807,Multan,Lahore,Text,Noon,1,1,1
8335,7121,Karachi,Karachi,Text,Late Night,1,1,1
8821,2906,Lahore,Lahore,Voice,Morning,53,10,530
6708,7869,Karachi,Karachi,Text,Noon,6,1,6
2620,2807,Lahore,Peshawar,Voice,Night,22,10,220
4571,2906,Peshawar,Lahore,Text,Noon,8,1,8
1661,3324,Faisalabad,Karachi,MMS,Noon,3,3,9
2906,1661,Faisalabad,Karachi,Voice,Afternoon,21,10,210
9194,3856,Lahore,Gujranwala,Voice,Night,22,10,220
2953,7947,Karachi,Peshawar,Voice,Noon,57,10,570
3239,9074,Lahore,Lahore,Voice,Morning,46,10,460
2620,1318,Multan,Lahore,Text,Morning,6,1,6
1966,4632,Karachi,Karachi,Voice,Night,40,10,400
3341,2906,Karachi,Karachi,Web,Morning,218,10,2180
2266,8993,Karachi,Lahore,Voice,Noon,30,10,300
4128,4211,Faisalabad,Rawalpindi,Text,Morning,8,1,8
4240,8335,Karachi,Lahore,Text,Late Night,5,1,5
2048,6068,Lahore,Karachi,Text,Night,4,1,4
6572,8153,Karachi,Lahore,Voice,Afternoon,27,10,270
2906,2620,Bahawalpur,Peshawar,Text,Afternoon,8,1,8
8825,9703,Peshawar,Lahore,Text,Night,7,1,7
4596,1298,Quetta,Faisalabad,Text,Afternoon,2,1,2
8484,2953,Multan,Lahore,Text,Afternoon,5,1,5
1702,1318,Karachi,Faisalabad,Text,Afternoon,1,1,1
9255,2620,Lahore,Faisalabad,Text,Night,4,1,4
8538,2510,Islamabad,Lahore,Voice,Noon,45,10,450
4407,2620,Lahore,Lahore,Text,Afternoon,4,1,4
6363,9074,Lahore,Lahore,Text,Afternoon,7,1,7
3324,6075,Gujranwala,Karachi,Text,Afternoon,9,1,9
2953,7386,Lahore,Lahore,Voice,Morning,52,10,520
8335,3239,Faisalabad,Gujranwala,Voice,Noon,51,10,510
2953,2620,Karachi,Lahore,Text,Night,9,1,9
5649,1661,Karachi,Karachi,Text,Noon,5,1,5
6363,4734,Lahore,Gujranwala,Web,Afternoon,239,10,2390
5754,4571,Islamabad,Lahore,Text,Late Night,5,1,5
6766,4772,Karachi,Sargodha,Voice,Noon,32,10,320
6316,2906,Faisalabad,Islamabad,Web,Afternoon,818,10,8180
3650,2136,Quetta,Karachi,Text,Afternoon,6,1,6
5228,8900,Peshawar,Lahore,Web,Morning,348,10,3480
2906,5649,Lahore,Lahore,Text,Night,9,1,9
5083,4596,Peshawar,Karachi,Voice,Noon,39,10,390
4428,6075,Lahore,Multan,Web,Noon,827,10,8270
1202,2620,Karachi,Karachi,Text,Night,7,1,7
2620,6723,Lahore,Karachi,MMS,Noon,3,3,9
7278,3738,Karachi,Islamabad,Text,Late Night,6,1,6
8516,2065,Lahore,Peshawar,Web,Afternoon,959,10,9590
2906,2899,Karachi,Gujranwala,MMS,Night,2,3,6
3650,7032,Karachi,Multan,Text,Noon,8,1,8
6168,4669,Bahawalpur,Lahore,MMS,Night,4,3,12
8153,8736,Peshawar,Gujranwala,MMS,Afternoon,4,3,12
2906,1115,Gujranwala,Lahore,MMS,Night,1,3,3
2620,3391,Karachi,Karachi,Text,Afternoon,7,1,7
1824,2662,Lahore,Lahore,Text,Night,8,1,8
1111,8828,Karachi,Karachi,Text,Morning,8,1,8
6723,2620,Gujranwala,Lahore,Text,Morning,8,1,8
8745,1997,Gujranwala,Faisalabad,Text,Noon,6,1,6
4947,9315,Gujranwala,Lahore,MMS,Night,8,3,24
5071,1380,Lahore,Karachi,Web,Late Night,952,10,9520
2906,2953,Faisalabad,Lahore,MMS,Afternoon,7,3,21
5563,6708,Gujranwala,Rawalpindi,MMS,Afternoon,6,3,18
8821,6544,Karachi,Lahore,MMS,Late Night,9,3,27
2620,9103,Karachi,Lahore,Voice,Late Night,51,10,510
8011,7518,Rawalpindi,Faisalabad,MMS,Afternoon,9,3,27
3707,2906,Karachi,Multan,Voice,Afternoon,17,10,170
2906,4632,Karachi,Karachi,MMS,Morning,8,3,24
5676,5394,Gujranwala,Lahore,Text,Noon,2,1,2
6465,2620,Lahore,Peshawar,Voice,Noon,5,10,50
4772,5989,Karachi,Multan,Text,Night,2,1,2
8772,4977,Karachi,Karachi,Text,Morning,7,1,7
3019,5895,Lahore,Karachi,MMS,Afternoon,8,3,24
7749,4604,Lahore,Quetta,Text,Afternoon,3,1,3
6363,7582,Karachi,Karachi,Voice,Night,41,10,410
8757,2340,Karachi,Karachi,Text,Night,6,1,6
2906,2620,Karachi,Lahore,Text,Afternoon,8,1,8
4927,7137,Peshawar,Lahore,MMS,Noon,1,3,3
4346,5649,Hyderabad,Lahore,Voice,Night,40,10,400
2048,4428,Hyderabad,Peshawar,Text,Noon,1,1,1
2906,8494,Sukkur,Lahore,Text,Afternoon,3,1,3
2906,3650,Karachi,Lahore,Text,Late Night,9,1,9
2620,6182,Sukkur,Lahore,Voice,Night,34,10,340
2136,4571,Lahore,Multan,Voice,Afternoon,13,10,130
2953,2906,Rawalpindi,Lahore,Text,Morning,4,1,4
9280,2906,Rawalpindi,Sargodha,Text,Morning,6,1,6
2953,2620,Karachi,Faisalabad,Voice,Night,34,10,340
7594,6708,Lahore,Lahore,Voice,Morning,41,10,410
2171,2953,Lahore,Karachi,Text,Afternoon,8,1,8
8312,8516,Islamabad,Lahore,Text,Noon,2,1,2
7947,4607,Lahore,Faisalabad,Text,Afternoon,2,1,2
2620,2127,Faisalabad,Karachi,Web,Night,746,10,7460
2620,1202,Gujranwala,Lahore,MMS,Afternoon,5,3,15
8036,1318,Faisalabad,Gujranwala,Voice,Night,21,10,210
6910,6168,Lahore,Rawalpindi,Voice,Morning,35,10,350
4428,2746,Peshawar,Sargodha,Voice,Morning,35,10,350
9315,2746,Karachi,Lahore,Text,Night,1,1,1
2906,6121,Karachi,Karachi,Text,Night,3,1,3
1087,5989,Peshawar,Quetta,Voice,Night,24,10,240
8756,1202,Lahore,Lahore,Voice,Noon,36,10,360
2953,2620,Multan,Faisalabad,MMS,Noon,7,3,21
2620,1661,Multan,Karachi,Text,Night,8,1,8
6068,2959,Gujranwala,Karachi,Voice,Noon,9,10,90
6447,3017,Faisalabad,Karachi,Text,Night,1,1,1
2620,4596,Islamabad,Gujranwala,MMS,Noon,5,3,15
8036,3105,Karachi,Lahore,Voice,Morning,22,10,220
1997,8828,Faisalabad,Sukkur,Voice,Afternoon,17,10,170
4632,2620,Sialkot,Karachi,MMS,Afternoon,5,3,15
8879,3856,Lahore,Lahore,Text,Afternoon,4,1,4
6406,4843,Karachi,Rawalpindi,Text,Afternoon,7,1,7
5891,2620,Karachi,Karachi,Web,Noon,420,10,4200
2620,2906,Karachi,Quetta,Text,Night,9,1,9
8745,5092,Lahore,Lahore,Voice,Night,12,10,120
5780,4496,Karachi,Karachi,Text,Late Night,8,1,8
6075,3239,Lahore,Lahore,Voice,Noon,49,10,490
3856,5749,Karachi,Rawalpindi,Voice,Night,24,10,240
5172,2906,Lahore,Lahore,Text,Night,4,1,4
2620,2906,Sargodha,Lahore,Voice,Afternoon,21,10,210
8335,2953,Lahore,Peshawar,Web,Afternoon,650,10,6500
6671,2906,Faisalabad,Gujranwala,Text,Morning,8,1,8
2906,7242,Sialkot,Peshawar,MMS,Noon,9,3,27
7594,8307,Multan,Karachi,Text,Afternoon,2,1,2
3239,2620,Karachi,Multan,MMS,Night,8,3,24
7940,5649,Multan,Multan,Text,Afternoon,1,1,1
1202,4346,Multan,Karachi,MMS,Late Night,9,3,27
2906,2662,Lahore,Lahore,Text,Morning,8,1,8
8335,7037,Karachi,Lahore,Voice,Afternoon,28,10,280
8494,7889,Lahore,Karachi,Text,Afternoon,4,1,4
2906,1661,Lahore,Lahore,Voice,Night,58,10,580
4927,5780,Karachi,Karachi,MMS,Afternoon,4,3,12
7869,3586,Karachi,Karachi,Voice,Afternoon,42,10,420
7749,6182,Lahore,Karachi,Voice,Morning,4,10,40
7594,4052,Lahore,Multan,MMS,Night,1,3,3
3586,2906,Karachi,Islamabad,Voice,Afternoon,1,10,10
1482,4571,Sargodha,Lahore,Text,Afternoon,6,1,6
1335,9395,Karachi,Karachi,Text,Afternoon,6,1,6
8879,2906,Karachi,Karachi,MMS,Night,1,3,3
8522,6708,Rawalpindi,Lahore,MMS,Afternoon,3,3,9
2906,4243,Karachi,Hyderabad,Text,Afternoon,8,1,8
8153,1240,Lahore,Lahore,MMS,Afternoon,8,3,24
3239,5311,Multan,Hyderabad,Text,Noon,1,1,1
3239,6121,Lahore,Karachi,Text,Late Night,8,1,8
6671,5156,Lahore,Lahore,Text,Noon,8,1,8
4428,7587,Karachi,Lahore,Text,Morning,8,1,8
8756,2201,Faisalabad,Karachi,Text,Afternoon,7,1,7
2906,1661,Karachi,Multan,Text,Afternoon,6,1,6
4977,8011,Karachi,Sukkur,Text,Night,2,1,2
5780,1732,Peshawar,Gujranwala,Text,Night,8,1,8
2906,8312,Lahore,Karachi,MMS,Noon,9,3,27
9898,5780,Sukkur,Peshawar,Text,Night,4,1,4
3105,9168,Quetta,Islamabad,Text,Late Night,7,1,7
2906,4243,Karachi,Islamabad,Text,Noon,6,1,6
2620,3017,Lahore,Karachi,MMS,Afternoon,8,3,24
4240,8967,Peshawar,Karachi,Text,Night,5,1,5
5945,1589,Islamabad,Multan,Text,Afternoon,7,1,7
2906,1661,Karachi,Rawalpindi,MMS,Late Night,6,3,18
9898,3753,Bahawalpur,Karachi,Text,Night,2,1,2
1111,6754,Karachi,Karachi,MMS,Morning,5,3,15
4434,3105,Karachi,Sargodha,Voice,Morning,57,10,570
1661,2906,Karachi,Lahore,MMS,Night,8,3,24
2906,8861,Karachi,Lahore,Text,Noon,4,1,4
8153,6182,Karachi,Karachi,Text,Afternoon,8,1,8
1824,6316,Lahore,Gujranwala,Voice,Night,38,10,380
5780,3341,Rawalpindi,Rawalpindi,Voice,Afternoon,25,10,250
2906,5649,Karachi,Hyderabad,Text,Late Night,5,1,5
2807,3019,Peshawar,Rawalpindi,Web,Noon,330,10,3300
2620,8793,Rawalpindi,Karachi,MMS,Afternoon,9,3,27
9669,4818,Lahore,Lahore,Text,Noon,9,1,9
7718,5780,Rawalpindi,Lahore,Text,Noon,2,1,2
4416,2620,Multan,Karachi,Voice,Noon,56,10,560
8821,2620,Gujranwala,Karachi,Text,Night,6,1,6
3878,7586,Gujranwala,Rawalpindi,Text,Night,8,1,8
1482,2266,Faisalabad,Islamabad,Text,Night,6,1,6
9898,8756,Karachi,Peshawar,Text,Noon,2,1,2
5263,8930,Karachi,Karachi,Text,Late Night,3,1,3
4090,4280,Hyderabad,Multan,Text,Morning,1,1,1
2620,9255,Lahore,Faisalabad,Text,Late Night,1,1,1
2906,8967,Lahore,Karachi,Text,Afternoon,2,1,2
5563,1824,Lahore,Karachi,MMS,Morning,3,3,9
8312,4632,Karachi,Karachi,Voice,Night,17,10,170
2620,4927,Karachi,Lahore,Text,Night,3,1,3
9934,5649,Sargodha,Karachi,Voice,Night,1,10,10
4959,2620,Karachi,Karachi,Text,Noon,3,1,3
8036,4808,Hyderabad,Karachi,Text,Noon,9,1,9
1354,8993,Lahore,Lahore,Text,Noon,4,1,4
3947,9898,Karachi,Karachi,MMS,Afternoon,2,3,6
1482,4632,Lahore,Karachi,Text,Late Night,7,1,7
3707,7997,Lahore,Lahore,Text,Night,9,1,9
1087,1966,Lahore,Karachi,MMS,Afternoon,8,3,24
4602,6087,Karachi,Lahore,Text,Afternoon,8,1,8
2595,8879,Peshawar,Faisalabad,Text,Night,4,1,4
5945,3495,Faisalabad,Hyderabad,Text,Night,1,1,1
4052,4090,Peshawar,Lahore,MMS,Noon,1,3,3
9157,1482,Hyderabad,Quetta,Voice,Noon,52,10,520
2620,1824,Lahore,Faisalabad,Voice,Noon,1,10,10
1824,2906,Karachi,Karachi,Text,Afternoon,3,1,3
2620,2906,Lahore,Karachi,Text,Night,3,1,3
5649,6121,Islamabad,Karachi,Text,Late Night,8,1,8
8821,8494,Lahore,Gujranwala,Voice,Afternoon,10,10,100
6544,3361,Lahore,Karachi,MMS,Morning,5,3,15
2620,2906,Multan,Faisalabad,MMS,Noon,9,3,27
9568,1010,Lahore,Sukkur,Text,Afternoon,1,1,1
2620,4090,Faisalabad,Faisalabad,MMS,Night,4,3,12
6075,9280,Lahore,Lahore,Web,Afternoon,266,10,2660
8723,5676,Lahore,Lahore,Text,Afternoon,3,1,3
3495,4893,Lahore,Gujranwala,Voice,Afternoon,44,10,440
4280,6700,Hyderabad,Karachi,MMS,Night,6,3,18
2620,5891,Lahore,Faisalabad,Text,Night,6,1,6
8821,5649,Lahore,Karachi,Text,Afternoon,8,1,8
2906,3239,Multan,Rawalpindi,Text,Afternoon,2,1,2
3467,8772,Karachi,Hyderabad,MMS,Afternoon,5,3,15
1202,5891,Lahore,Hyderabad,Text,Morning,8,1,8
2510,8810,Sargodha,Lahore,MMS,Afternoon,9,3,27
2620,2746,Sargodha,Lahore,Text,Night,8,1,8
9828,6465,Karachi,Faisalabad,Voice,Afternoon,13,10,130
6447,6363,Faisalabad,Lahore,Text,Night,8,1,8
9669,2136,Lahore,Karachi,Web,Night,296,10,2960
2906,6792,Faisalabad,Lahore,Text,Afternoon,2,1,2
1202,2620,Karachi,Rawalpindi,MMS,Morning,6,3,18
8736,7195,Lahore,Karachi,Text,Afternoon,3,1,3
3334,3753,Lahore,Lahore,Voice,Morning,8,10,80
2620,6447,Karachi,Peshawar,Voice,Afternoon,42,10,420
1824,7386,Karachi,Hyderabad,Text,Noon,3,1,3
1380,2959,Lahore,Faisalabad,MMS,Late Night,2,3,6
4280,2620,Karachi,Islamabad,Text,Night,9,1,9
2620,8335,Lahore,Sargodha,Text,Morning,2,1,2
2620,3856,Islamabad,Lahore,Text,Night,8,1,8
5989,3707,Lahore,Peshawar,Text,Afternoon,3,1,3
2620,4571,Islamabad,Peshawar,Voice,Afternoon,39,10,390
2620,6068,Lahore,Karachi,Text,Noon,8,1,8
2906,7094,Lahore,Lahore,Text,Night,4,1,4
2662,7137,Gujranwala,Karachi,Text,Night,5,1,5
2620,4434,Lahore,Faisalabad,Text,Afternoon,4,1,4
3157,1111,Bahawalpur,Lahore,Voice,Morning,58,10,580
9168,1115,Karachi,Faisalabad,Text,Afternoon,2,1,2
6671,1298,Lahore,Lahore,Voice,Noon,30,10,300
3847,5891,Karachi,Karachi,Web,Afternoon,209,10,2090
2266,2953,Faisalabad,Gujranwala,Text,Afternoon,2,1,2
2906,7869,Lahore,Karachi,Voice,Late Night,42,10,420
9103,6708,Hyderabad,Lahore,MMS,Night,5,3,15
5891,1021,Lahore,Karachi,Voice,Afternoon,32,10,320
2906,8335,Faisalabad,Lahore,Text,Night,3,1,3
8335,2620,Sialkot,Karachi,Text,Afternoon,5,1,5
8538,1824,Sialkot,Peshawar,Text,Noon,1,1,1
8861,1380,Quetta,Rawalpindi,Text,Afternoon,8,1,8
5676,6619,Rawalpindi,Gujranwala,Text,Afternoon,9,1,9
1166,2620,Karachi,Karachi,MMS,Afternoon,9,3,27
2906,2662,Karachi,Lahore,Text,Afternoon,3,1,3
4772,8773,Gujranwala,Lahore,Voice,Afternoon,55,10,550
4434,5749,Lahore,Lahore,Voice,Afternoon,28,10,280
6634,3391,Karachi,Karachi,Web,Night,277,10,2770
5394,8879,Peshawar,Rawalpindi,Text,Morning,5,1,5
2906,2620,Lahore,Lahore,Voice,Afternoon,5,10,50
8821,9308,Gujranwala,Karachi,Text,Morning,7,1,7
3631,5891,Multan,Karachi,Text,Afternoon,7,1,7
8538,4533,Faisalabad,Lahore,MMS,Night,5,3,15
8772,1380,Rawalpindi,Bahawalpur,Text,Night,5,1,5
1202,3239,Karachi,Faisalabad,Voice,Afternoon,35,10,350
4947,2620,Karachi,Lahore,Voice,Afternoon,14,10,140
2906,8018,Islamabad,Lahore,Web,Afternoon,649,10,6490
4245,4280,Lahore,Lahore,MMS,Afternoon,3,3,9
6708,2906,Gujranwala,Multan,Text,Noon,6,1,6
4607,5676,Multan,Karachi,Voice,Night,33,10,330
8335,1380,Faisalabad,Lahore,MMS,Night,7,3,21
4923,7582,Multan,Islamabad,MMS,Afternoon,6,3,18
1115,2620,Peshawar,Lahore,Text,Morning,8,1,8
3496,8166,Faisalabad,Karachi,Text,Morning,9,1,9
5780,8879,Karachi,Rawalpindi,MMS,Night,8,3,24
3829,1087,Lahore,Karachi,Text,Afternoon,4,1,4
2383,2620,Lahore,Gujranwala,Text,Noon,4,1,4
2510,4607,Peshawar,Karachi,Text,Afternoon,4,1,4
4607,2906,Sukkur,Multan,MMS,Afternoon,5,3,15
3707,6708,Quetta,Lahore,Voice,Night,29,10,290
2201,5228,Lahore,Faisalabad,Text,Morning,5,1,5
2807,2173,Lahore,Islamabad,Text,Afternoon,8,1,8
4416,8018,Peshawar,Rawalpindi,MMS,Afternoon,8,3,24
9568,5780,Gujranwala,Sialkot,Text,Night,7,1,7
2062,2906,Karachi,Lahore,Voice,Afternoon,6,10,60
5340,5092,Lahore,Faisalabad,Text,Noon,5,1,5
5891,4734,Karachi,Faisalabad,MMS,Noon,9,3,27
1380,2906,Lahore,Faisalabad,Text,Noon,2,1,2
2906,8637,Karachi,Multan,Voice,Noon,25,10,250
1380,2807,Karachi,Sargodha,Text,Afternoon,3,1,3
8736,7582,Karachi,Lahore,Voice,Late Night,14,10,140
8494,4428,Lahore,Karachi,MMS,Morning,1,3,3
6977,3829,Lahore,Lahore,Web,Night,911,10,9110
1354,2906,Rawalpindi,Lahore,Web,Morning,757,10,7570
2906,1825,Karachi,Lahore,Text,Noon,9,1,9
2959,7037,Lahore,Lahore,Text,Afternoon,8,1,8
7594,6489,Karachi,Gujranwala,Text,Night,7,1,7
8757,8821,Hyderabad,Rawalpindi,Text,Noon,8,1,8
2906,9395,Lahore,Lahore,Voice,Morning,53,10,530
1484,2620,Faisalabad,Karachi,Text,Morning,8,1,8
5780,7242,Faisalabad,Lahore,Text,Night,2,1,2
7869,9074,Lahore,Faisalabad,Text,Noon,8,1,8
2383,3334,Hyderabad,Quetta,Text,Night,2,1,2
2807,2620,Lahore,Multan,Text,Night,7,1,7
3947,7766,Karachi,Lahore,Text,Morning,2,1,2
2620,5891,Karachi,Gujranwala,Text,Afternoon,4,1,4
8757,5725,Karachi,Karachi,Text,Noon,7,1,7
2906,3334,Faisalabad,Bahawalpur,MMS,Afternoon,9,3,27
4042,7587,Sukkur,Karachi,Text,Night,2,1,2
9828,4428,Karachi,Faisalabad,MMS,Noon,7,3,21
2620,2953,Karachi,Quetta,Voice,Noon,44,10,440
9103,2595,Lahore,Karachi,Text,Afternoon,9,1,9
6150,2620,Karachi,Karachi,MMS,Afternoon,7,3,21
5780,4977,Lahore,Karachi,Web,Afternoon,859,10,8590
8810,9280,Karachi,Karachi,MMS,Noon,7,3,21
6068,4596,Karachi,Karachi,MMS,Afternoon,1,3,3
8879,4571,Lahore,Faisalabad,MMS,Noon,4,3,12
4571,9898,Bahawalpur,Karachi,Text,Morning,9,1,9
3324,5780,Gujranwala,Gujranwala,MMS,Afternoon,8,3,24
2906,9987,Gujranwala,Lahore,Text,Night,1,1,1
8247,5891,Sialkot,Karachi,Text,Noon,4,1,4
2746,8773,Karachi,Multan,Text,Noon,8,1,8
7947,6723,Lahore,Islamabad,Voice,Morning,17,10,170
6068,2906,Karachi,Lahore,Text,Night,2,1,2
7032,3239,Karachi,Karachi,Text,Afternoon,9,1,9
1494,8335,Gujranwala,Karachi,Text,Night,3,1,3
7594,6619,Lahore,Faisalabad,Text,Noon,5,1,5
2906,5676,Karachi,Hyderabad,Text,Afternoon,1,1,1
2948,6613,Faisalabad,Lahore,Text,Afternoon,3,1,3
9703,4571,Sargodha,Hyderabad,Text,Noon,8,1,8
1494,9395,Lahore,Hyderabad,MMS,Afternoon,1,3,3
2662,1661,Rawalpindi,Gujranwala,Text,Noon,8,1,8
5649,8320,Karachi,Lahore,MMS,Afternoon,5,3,15
2906,8879,Karachi,Karachi,MMS,Afternoon,3,3,9
6182,7037,Karachi,Rawalpindi,Voice,Afternoon,6,10,60
2569,8967,Karachi,Karachi,Web,Late Night,679,10,6790
2620,5071,Lahore,Lahore,MMS,Noon,9,3,27
7869,2391,Karachi,Karachi,MMS,Afternoon,4,3,12
2906,8793,Lahore,Gujranwala,Web,Night,597,10,5970
4843,3495,Karachi,Sargodha,Voice,Afternoon,1,10,10
9157,9074,Lahore,Karachi,Text,Afternoon,5,1,5
4947,5394,Hyderabad,Hyderabad,Text,Afternoon,3,1,3
6168,2959,Lahore,Karachi,Text,Noon,8,1,8
2620,3361,Peshawar,Karachi,MMS,Morning,3,3,9
3878,6977,Lahore,Karachi,Voice,Afternoon,10,10,100
7427,3239,Quetta,Lahore,Text,Afternoon,3,1,3
9157,2906,Karachi,Lahore,Voice,Afternoon,6,10,60
1482,4416,Faisalabad,Karachi,Text,Afternoon,4,1,4
8011,1021,Lahore,Sukkur,Text,Night,6,1,6
8522,1824,Rawalpindi,Lahore,Text,Afternoon,7,1,7
2620,6447,Peshawar,Lahore,Text,Afternoon,6,1,6
1661,7586,Lahore,Sargodha,Text,Noon,7,1,7
2620,4674,Lahore,Sukkur,Text,Night,3,1,3
8736,4143,Lahore,Sargodha,Voice,Morning,42,10,420
6121,5563,Lahore,Islamabad,Text,Afternoon,6,1,6
2906,6910,Hyderabad,Karachi,Voice,Afternoon,30,10,300
1824,2620,Multan,Karachi,Voice,Night,40,10,400
1997,1115,Lahore,Faisalabad,Text,Afternoon,8,1,8
1318,5238,Faisalabad,Lahore,MMS,Afternoon,6,3,18
2136,3017,Karachi,Karachi,MMS,Night,6,3,18
8821,8900,Lahore,Lahore,MMS,Afternoon,1,3,3
2906,8335,Lahore,Karachi,Text,Noon,9,1,9
3495,6708,Lahore,Lahore,Text,Afternoon,7,1,7
7421,6121,Hyderabad,Quetta,Web,Night,830,10,8300
1494,5083,Multan,Faisalabad,Text,Afternoon,9,1,9
8166,2620,Lahore,Faisalabad,Text,Afternoon,6,1,6
3631,7031,Karachi,Karachi,Text,Noon,7,1,7
2620,7582,Hyderabad,Karachi,Text,Morning,7,1,7
2173,2136,Faisalabad,Karachi,Web,Afternoon,548,10,5480
2906,4428,Gujranwala,Karachi,Text,Afternoon,9,1,9
1115,2569,Lahore,Peshawar,Text,Night,8,1,8
1354,3467,Karachi,Quetta,Voice,Late Night,15,10,150
8879,2906,Faisalabad,Peshawar,Voice,Morning,27,10,270
5649,2906,Bahawalpur,Karachi,Text,Night,3,1,3
4496,4555,Lahore,Quetta,Voice,Night,12,10,120
2620,8195,Karachi,Karachi,Text,Noon,2,1,2
7675,2620,Lahore,Gujranwala,Text,Noon,4,1,4
1853,5649,Multan,Lahore,Text,Morning,6,1,6
2906,2620,Peshawar,Karachi,MMS,Afternoon,4,3,12
6708,8821,Faisalabad,Karachi,Text,Afternoon,2,1,2
2383,2620,Lahore,Lahore,Text,Afternoon,6,1,6
2906,2620,Rawalpindi,Gujranwala,Text,Night,1,1,1
5649,5311,Karachi,Lahore,MMS,Noon,4,3,12
7884,2620,Rawalpindi,Gujranwala,Text,Night,3,1,3
6754,2620,Multan,Karachi,Voice,Afternoon,10,10,100
2906,2620,Gujranwala,Quetta,MMS,Afternoon,8,3,24
5989,2807,Lahore,Karachi,Voice,Afternoon,40,10,400
4843,2906,Karachi,Karachi,MMS,Afternoon,3,3,9
2620,3239,Faisalabad,Lahore,MMS,Afternoon,8,3,24
4843,7594,Karachi,Karachi,Text,Noon,8,1,8
2620,6465,Karachi,Lahore,Text,Afternoon,5,1,5
2171,6068,Karachi,Sargodha,Text,Late Night,3,1,3
4571,2620,Rawalpindi,Karachi,Text,Afternoon,2,1,2
2620,5649,Multan,Gujranwala,Text,Night,2,1,2
2906,8018,Gujranwala,Quetta,Text,Late Night,2,1,2
4533,4042,Karachi,Lahore,Voice,Morning,3,10,30
1825,2906,Lahore,Multan,Text,Afternoon,9,1,9
1824,5092,Karachi,Karachi,MMS,Afternoon,7,3,21
9168,6613,Multan,Karachi,Text,Afternoon,5,1,5
2620,2807,Karachi,Lahore,Text,Afternoon,5,1,5
9669,7037,Karachi,Islamabad,MMS,Night,7,3,21
7594,2044,Faisalabad,Gujranwala,Voice,Late Night,59,10,590
4977,8153,Multan,Karachi,MMS,Afternoon,8,3,24
8335,1335,Peshawar,Peshawar,Text,Afternoon,4,1,4
6068,2620,Lahore,Karachi,Voice,Afternoon,22,10,220
5649,2906,Lahore,Karachi,Text,Noon,7,1,7
1853,5228,Karachi,Lahore,Voice,Noon,57,10,570
5780,6613,Karachi,Peshawar,Voice,Late Night,29,10,290
3947,7675,Faisalabad,Karachi,Voice,Afternoon,45,10,450
8828,4977,Hyderabad,Lahore,Text,Afternoon,9,1,9
4632,5725,Karachi,Karachi,Text,Night,7,1,7
4052,8821,Lahore,Faisalabad,Text,Night,1,1,1
7386,2620,Karachi,Karachi,Text,Noon,2,1,2
9168,3239,Karachi,Sargodha,Text,Night,5,1,5
2620,4571,Lahore,Gujranwala,Text,Night,2,1,2
8195,1115,Lahore,Lahore,Text,Noon,8,1,8
8335,2953,Peshawar,Hyderabad,Text,Noon,3,1,3
4953,9934,Sukkur,Karachi,MMS,Noon,8,3,24
2906,7947,Lahore,Karachi,Web,Night,948,10,9480
2595,8723,Karachi,Multan,Text,Afternoon,3,1,3
9669,2906,Lahore,Faisalabad,Text,Noon,5,1,5
2906,1661,Lahore,Quetta,Voice,Afternoon,36,10,360
5891,8745,Multan,Karachi,Text,Afternoon,7,1,7
7997,8756,Karachi,Karachi,Text,Afternoon,4,1,4
6754,1240,Lahore,Karachi,Text,Morning,4,1,4
4571,7594,Multan,Faisalabad,Voice,Night,15,10,150
2062,2620,Karachi,Lahore,Text,Late Night,2,1,2
9582,1335,Multan,Karachi,Text,Afternoon,7,1,7
9898,2620,Bahawalpur,Faisalabad,Voice,Late Night,37,10,370
1482,8029,Lahore,Faisalabad,Text,Morning,4,1,4
9582,2620,Karachi,Karachi,Voice,Noon,42,10,420
9308,9828,Lahore,Lahore,Voice,Afternoon,49,10,490
4953,1318,Lahore,Lahore,Text,Afternoon,9,1,9
1335,8861,Karachi,Lahore,Text,Late Night,7,1,7
4632,2620,Karachi,Karachi,Voice,Afternoon,2,10,20
2906,5754,Lahore,Lahore,Web,Night,755,10,7550
2620,3933,Gujranwala,Multan,Voice,Late Night,35,10,350
4632,6316,Lahore,Quetta,Text,Afternoon,7,1,7
4428,5649,Gujranwala,Lahore,Text,Noon,5,1,5
6708,8195,Lahore,Karachi,Text,Afternoon,6,1,6
2620,8879,Lahore,Karachi,Voice,Night,27,10,270
5749,1240,Sukkur,Karachi,Text,Afternoon,7,1,7
4669,2620,Lahore,Karachi,Text,Noon,7,1,7
3019,8637,Lahore,Lahore,Text,Afternoon,9,1,9
7121,9074,Karachi,Karachi,Text,Noon,1,1,1
9168,1484,Lahore,Multan,Text,Noon,4,1,4
7032,4042,Lahore,Faisalabad,Text,Afternoon,8,1,8
2620,2807,Lahore,Karachi,Text,Afternoon,3,1,3
3738,1824,Karachi,Lahore,Voice,Afternoon,5,10,50
7675,4604,Lahore,Gujranwala,MMS,Morning,4,3,12
2620,9220,Multan,Gujranwala,MMS,Night,1,3,3
1166,5780,Multan,Rawalpindi,MMS,Night,2,3,6
6316,2906,Rawalpindi,Faisalabad,Text,Late Night,8,1,8
2620,2136,Faisalabad,Karachi,Text,Noon,1,1,1
8821,6708,Hyderabad,Rawalpindi,Text,Afternoon,5,1,5
2620,1087,Karachi,Multan,Text,Night,6,1,6
2746,6700,Multan,Karachi,Voice,Night,26,10,260
9703,8335,Lahore,Karachi,Voice,Afternoon,18,10,180
2662,4143,Lahore,Lahore,Text,Morning,5,1,5
2906,5780,Karachi,Karachi,MMS,Morning,9,3,27
2906,3105,Hyderabad,Lahore,Web,Late Night,234,10,2340
2620,7587,Karachi,Faisalabad,Text,Afternoon,5,1,5
2391,8745,Hyderabad,Karachi,Text,Night,3,1,3
2620,2906,Karachi,Rawalpindi,Web,Afternoon,604,10,6040
6572,8723,Hyderabad,Lahore,Text,Night,2,1,2
6227,1111,Multan,Rawalpindi,Voice,Night,32,10,320
6150,8810,Hyderabad,Karachi,Voice,Night,38,10,380
1380,5649,Gujranwala,Karachi,Text,Afternoon,7,1,7
1115,4496,Bahawalpur,Faisalabad,Voice,Noon,57,10,570
3017,2620,Bahawalpur,Karachi,Voice,Afternoon,58,10,580
2906,8011,Quetta,Rawalpindi,Text,Noon,8,1,8
1732,2953,Rawalpindi,Gujranwala,Text,Afternoon,5,1,5
8879,4604,Karachi,Karachi,Text,Night,8,1,8
7997,4346,Rawalpindi,Karachi,Text,Noon,1,1,1
8312,1087,Karachi,Karachi,Text,Night,1,1,1
7031,5156,Lahore,Karachi,Text,Afternoon,3,1,3
4818,2620,Gujranwala,Peshawar,Voice,Night,2,10,20
2620,3496,Peshawar,Peshawar,Voice,Morning,2,10,20
2906,4923,Lahore,Sargodha,Text,Noon,2,1,2
3105,2620,Karachi,Rawalpindi,Voice,Noon,26,10,260
6544,7594,Karachi,Karachi,Text,Afternoon,2,1,2
4571,9898,Gujranwala,Karachi,Voice,Afternoon,33,10,330
7594,8307,Lahore,Gujranwala,Text,Night,3,1,3
8879,8335,Karachi,Karachi,Text,Night,5,1,5
9987,8583,Lahore,Peshawar,Voice,Night,4,10,40
3017,9898,Karachi,Lahore,Text,Noon,2,1,2
2906,2586,Karachi,Lahore,Text,Afternoon,9,1,9
2906,1589,Karachi,Karachi,Text,Afternoon,2,1,2
6977,4090,Gujranwala,Karachi,Voice,Night,1,10,10
2136,2906,Multan,Lahore,Voice,Late Night,37,10,370
1482,8757,Karachi,Lahore,MMS,Noon,7,3,21
2620,2906,Faisalabad,Gujranwala,Text,Noon,3,1,3
4893,2266,Faisalabad,Quetta,Text,Afternoon,7,1,7
2171,9157,Lahore,Karachi,Voice,Afternoon,51,10,510
5780,3707,Karachi,Karachi,Text,Afternoon,8,1,8
5083,4571,Quetta,Lahore,MMS,Night,9,3,27
2862,8821,Faisalabad,Karachi,Text,Noon,1,1,1
4143,3878,Lahore,Multan,Voice,Night,50,10,500
2620,2959,Rawalpindi,Lahore,Text,Night,7,1,7
6904,8879,Lahore,Karachi,MMS,Morning,1,3,3
7594,9669,Karachi,Lahore,Text,Late Night,6,1,6
8335,7137,Lahore,Karachi,Text,Afternoon,8,1,8
2136,7749,Lahore,Karachi,Text,Night,5,1,5
2620,3496,Sukkur,Sargodha,Text,Afternoon,3,1,3
6363,9934,Multan,Karachi,Web,Late Night,750,10,7500
2906,7594,Gujranwala,Multan,Text,Afternoon,6,1,6
9993,4893,Karachi,Karachi,Text,Night,5,1,5
9898,9280,Lahore,Rawalpindi,Text,Afternoon,7,1,7
9993,2620,Karachi,Lahore,Text,Night,7,1,7
8166,7594,Faisalabad,Karachi,Text,Afternoon,4,1,4
2862,7212,Karachi,Karachi,MMS,Afternoon,3,3,9
6406,3650,Peshawar,Lahore,MMS,Night,6,3,18
5649,2620,Sargodha,Karachi,Voice,Night,54,10,540
5797,8793,Lahore,Peshawar,Voice,Noon,22,10,220
2391,2906,Karachi,Lahore,Text,Night,6,1,6
7119,7587,Karachi,Multan,Text,Night,7,1,7
2620,2075,Lahore,Lahore,Text,Morning,9,1,9
1661,2906,Lahore,Lahore,Text,Noon,6,1,6
4927,3504,Lahore,Lahore,MMS,Late Night,7,3,21
5780,2906,Rawalpindi,Karachi,Voice,Noon,9,10,90
8583,4434,Lahore,Karachi,Text,Afternoon,7,1,7
9828,6640,Karachi,Hyderabad,Text,Night,8,1,8
8200,6422,Lahore,Faisalabad,Text,Morning,7,1,7
6613,8745,Karachi,Multan,Text,Late Night,2,1,2
5649,7582,Quetta,Lahore,Web,Morning,625,10,6250
2662,2620,Faisalabad,Multan,Text,Afternoon,1,1,1
2620,2906,Lahore,Peshawar,MMS,Noon,9,3,27
2906,7749,Karachi,Lahore,Voice,Late Night,44,10,440
3496,7067,Quetta,Hyderabad,Text,Noon,7,1,7
2906,7582,Hyderabad,Peshawar,Text,Afternoon,1,1,1
5649,8484,Faisalabad,Karachi,Text,Afternoon,3,1,3
1482,6904,Quetta,Karachi,Text,Afternoon,6,1,6
9934,8821,Karachi,Lahore,Voice,Afternoon,59,10,590
1482,2906,Karachi,Peshawar,Text,Late Night,6,1,6
5945,2906,Lahore,Karachi,Web,Noon,596,10,5960
2620,3334,Multan,Karachi,MMS,Afternoon,4,3,12
2569,3631,Karachi,Faisalabad,Voice,Afternoon,51,10,510
8335,7518,Karachi,Karachi,MMS,Night,6,3,18
2906,2807,Karachi,Karachi,Voice,Noon,17,10,170
2953,2620,Karachi,Lahore,Voice,Morning,44,10,440
3650,6075,Peshawar,Karachi,Voice,Morning,28,10,280
2906,8335,Lahore,Lahore,Voice,Late Night,6,10,60
5649,4632,Islamabad,Karachi,Voice,Afternoon,2,10,20
2620,1661,Karachi,Karachi,MMS,Afternoon,9,3,27
6754,9308,Karachi,Peshawar,Text,Noon,3,1,3
4533,8052,Rawalpindi,Multan,Voice,Afternoon,40,10,400
4243,5228,Karachi,Karachi,MMS,Afternoon,8,3,24
7067,1868,Lahore,Karachi,Web,Night,126,10,1260
7947,2906,Karachi,Lahore,MMS,Morning,6,3,18
4496,2906,Lahore,Lahore,Voice,Morning,7,10,70
7594,9194,Lahore,Rawalpindi,Text,Morning,3,1,3
1335,6227,Lahore,Karachi,MMS,Noon,9,3,27
3753,7032,Karachi,Karachi,Text,Noon,4,1,4
8953,8018,Lahore,Islamabad,Text,Afternoon,5,1,5
8879,7067,Lahore,Karachi,Text,Night,9,1,9
4947,2620,Sukkur,Karachi,Web,Afternoon,387,10,3870
5071,5891,Lahore,Karachi,Text,Afternoon,3,1,3
2906,1825,Karachi,Lahore,Voice,Afternoon,22,10,220
1661,2906,Lahore,Karachi,MMS,Noon,7,3,21
4440,5649,Sargodha,Karachi,Text,Afternoon,4,1,4
5779,2620,Faisalabad,Faisalabad,Text,Afternoon,4,1,4
6613,6168,Faisalabad,Karachi,Text,Afternoon,2,1,2
1318,8312,Karachi,Karachi,Voice,Night,4,10,40
5847,6572,Karachi,Karachi,Text,Night,5,1,5
5780,5228,Karachi,Karachi,Voice,Noon,7,10,70
4090,8195,Gujranwala,Karachi,Text,Afternoon,9,1,9
8810,3753,Karachi,Karachi,MMS,Night,3,3,9
6465,1589,Lahore,Peshawar,MMS,Afternoon,8,3,24
4434,6673,Rawalpindi,Lahore,MMS,Night,7,3,21
2620,9987,Faisalabad,Faisalabad,Web,Afternoon,956,10,9560
9568,2906,Sukkur,Karachi,Voice,Night,24,10,240
8793,5083,Quetta,Gujranwala,Text,Morning,5,1,5
4245,4280,Karachi,Karachi,Text,Late Night,9,1,9
8335,5847,Karachi,Karachi,Text,Night,2,1,2
2906,3707,Faisalabad,Rawalpindi,Text,Afternoon,6,1,6
2620,4607,Faisalabad,Karachi,MMS,Morning,1,3,3
7594,6723,Karachi,Gujranwala,MMS,Morning,9,3,27
3467,6168,Karachi,Gujranwala,Text,Morning,1,1,1
1115,8821,Hyderabad,Peshawar,Text,Noon,6,1,6
6489,4953,Multan,Lahore,Voice,Morning,47,10,470
8153,2906,Lahore,Lahore,Text,Morning,2,1,2
2383,7518,Lahore,Lahore,Text,Afternoon,5,1,5
2620,5676,Lahore,Karachi,Text,Afternoon,1,1,1
8312,6700,Karachi,Karachi,Text,Afternoon,5,1,5
1824,2906,Lahore,Karachi,Voice,Morning,59,10,590
3496,7594,Lahore,Karachi,Text,Afternoon,9,1,9
7094,5649,Sukkur,Karachi,Text,Night,1,1,1
2620,2906,Faisalabad,Karachi,Text,Morning,2,1,2
9461,6068,Multan,Hyderabad,MMS,Night,7,3,21
2620,6613,Lahore,Karachi,Text,Morning,4,1,4
4555,3496,Multan,Lahore,MMS,Night,1,3,3
2906,5649,Faisalabad,Karachi,MMS,Afternoon,8,3,24
6572,5963,Faisalabad,Lahore,Text,Afternoon,2,1,2
6465,6708,Lahore,Karachi,MMS,Afternoon,1,3,3
1494,8745,Sialkot,Peshawar,Text,Afternoon,4,1,4
4042,5958,Karachi,Peshawar,Text,Afternoon,3,1,3
7067,2620,Lahore,Hyderabad,Text,Noon,7,1,7
2620,2062,Hyderabad,Karachi,Text,Noon,1,1,1
1824,3157,Karachi,Karachi,Web,Noon,998,10,9980
2391,2899,Faisalabad,Rawalpindi,Text,Afternoon,9,1,9
2266,8930,Gujranwala,Karachi,Text,Night,8,1,8
2620,7675,Hyderabad,Karachi,Text,Afternoon,7,1,7
8879,2620,Karachi,Multan,Voice,Afternoon,50,10,500
7594,2127,Lahore,Peshawar,MMS,Noon,6,3,18
3829,5780,Karachi,Multan,Text,Afternoon,9,1,9
3707,5263,Karachi,Peshawar,Text,Night,1,1,1
7594,2906,Lahore,Peshawar,Voice,Afternoon,23,10,230
4674,4240,Sargodha,Peshawar,Web,Morning,642,10,6420
8912,2620,Karachi,Hyderabad,Voice,Morning,35,10,350
2906,3650,Lahore,Bahawalpur,Text,Noon,6,1,6
1853,4416,Rawalpindi,Lahore,Voice,Night,33,10,330
9103,6121,Karachi,Karachi,Voice,Afternoon,30,10,300
1115,8484,Multan,Rawalpindi,Text,Late Night,8,1,8
6913,5847,Karachi,Lahore,Web,Noon,940,10,9400
5092,2906,Rawalpindi,Lahore,Text,Noon,4,1,4
7947,3856,Karachi,Karachi,MMS,Afternoon,8,3,24
8821,9358,Karachi,Peshawar,Voice,Afternoon,56,10,560
8312,9194,Karachi,Faisalabad,Text,Morning,8,1,8
2953,6708,Sargodha,Lahore,Text,Afternoon,9,1,9
1868,4346,Lahore,Karachi,Text,Morning,1,1,1
4128,8821,Sukkur,Lahore,Text,Afternoon,9,1,9
5486,2620,Lahore,Lahore,Text,Noon,9,1,9
5238,2383,Karachi,Karachi,MMS,Noon,3,3,9
6634,2906,Lahore,Lahore,Text,Afternoon,2,1,2
4571,4245,Multan,Lahore,Voice,Late Night,44,10,440
8335,6068,Karachi,Lahore,Voice,Afternoon,3,10,30
5676,6489,Faisalabad,Hyderabad,Text,Night,4,1,4
9280,7940,Sargodha,Karachi,Text,Morning,1,1,1
4927,4090,Karachi,Lahore,MMS,Noon,3,3,9
4923,4734,Karachi,Karachi,Voice,Morning,32,10,320
1115,2620,Karachi,Karachi,Text,Afternoon,1,1,1
8029,2906,Karachi,Lahore,MMS,Night,8,3,24
5263,2906,Lahore,Faisalabad,Text,Afternoon,7,1,7
8637,2620,Lahore,Karachi,Text,Afternoon,1,1,1
2620,4128,Karachi,Lahore,Text,Afternoon,6,1,6
8320,6068,Peshawar,Multan,MMS,Afternoon,5,3,15
6977,2807,Karachi,Lahore,Text,Afternoon,2,1,2
2953,2620,Faisalabad,Karachi,Text,Afternoon,7,1,7
5263,1115,Lahore,Karachi,MMS,Morning,7,3,21
5311,4434,Karachi,Lahore,Text,Afternoon,5,1,5
6487,2620,Rawalpindi,Karachi,MMS,Night,5,3,15
8953,6465,Lahore,Peshawar,Text,Morning,8,1,8
9308,2807,Karachi,Gujranwala,MMS,Afternoon,6,3,18
2906,6708,Lahore,Sukkur,Text,Noon,4,1,4
6068,2906,Karachi,Karachi,Text,Night,2,1,2
8821,3631,Karachi,Quetta,Voice,Late Night,48,10,480
6068,8335,Karachi,Sialkot,Text,Night,1,1,1
2906,5891,Lahore,Multan,Voice,Morning,12,10,120
3707,2201,Sialkot,Karachi,Text,Afternoon,8,1,8
6904,8312,Karachi,Lahore,Text,Night,4,1,4
9280,5754,Hyderabad,Karachi,MMS,Late Night,7,3,21
1484,2906,Lahore,Lahore,MMS,Morning,3,3,9
2906,6075,Islamabad,Karachi,Text,Morning,9,1,9
8745,3829,Hyderabad,Sukkur,Text,Afternoon,5,1,5
2662,7195,Lahore,Karachi,Voice,Afternoon,32,10,320
4632,2807,Karachi,Karachi,MMS,Noon,9,3,27
2906,8757,Gujranwala,Bahawalpur,MMS,Afternoon,3,3,9
7582,2620,Sukkur,Karachi,MMS,Night,9,3,27
4240,2906,Faisalabad,Multan,MMS,Night,2,3,6
6708,5958,Karachi,Lahore,Voice,Afternoon,2,10,20
7037,6913,Karachi,Peshawar,MMS,Afternoon,2,3,6
8335,1021,Hyderabad,Rawalpindi,Voice,Noon,21,10,210
6168,8723,Karachi,Multan,Text,Afternoon,4,1,4
2620,3017,Rawalpindi,Karachi,MMS,Morning,3,3,9
7278,8793,Rawalpindi,Karachi,Text,Night,1,1,1
2662,8912,Faisalabad,Peshawar,Voice,Afternoon,42,10,420
8773,3324,Lahore,Multan,Text,Morning,1,1,1
2620,5847,Hyderabad,Karachi,Text,Night,1,1,1
2906,2807,Karachi,Lahore,Voice,Afternoon,54,10,540
2620,2906,Lahore,Karachi,Voice,Night,1,10,10
2620,7749,Lahore,Multan,Text,Night,4,1,4
5958,3829,Lahore,Islamabad,Text,Afternoon,4,1,4
8773,2906,Sialkot,Lahore,Voice,Afternoon,20,10,200
6150,8320,Karachi,Islamabad,Text,Afternoon,6,1,6
3883,2620,Karachi,Faisalabad,Voice,Night,12,10,120
2048,2662,Karachi,Lahore,Web,Afternoon,701,10,7010
2948,3334,Sargodha,Karachi,Voice,Late Night,34,10,340
1494,2620,Multan,Lahore,Voice,Night,31,10,310
4632,2906,Rawalpindi,Multan,Voice,Afternoon,4,10,40
3239,8516,Lahore,Karachi,MMS,Night,5,3,15
3467,9987,Peshawar,Quetta,Text,Morning,1,1,1
4632,3753,Karachi,Peshawar,Text,Noon,9,1,9
9669,1202,Rawalpindi,Karachi,Text,Afternoon,1,1,1
7836,5238,Karachi,Karachi,MMS,Afternoon,5,3,15
4502,8153,Karachi,Karachi,Voice,Noon,2,10,20
8153,5563,Faisalabad,Lahore,Voice,Late Night,30,10,300
4416,4632,Karachi,Karachi,MMS,Noon,6,3,18
2807,3707,Hyderabad,Faisalabad,Web,Noon,908,10,9080
3496,3239,Karachi,Karachi,MMS,Night,2,3,6
3829,2620,Hyderabad,Karachi,Text,Afternoon,3,1,3
2906,2807,Karachi,Gujranwala,Text,Noon,3,1,3
5780,2906,Hyderabad,Gujranwala,Web,Night,982,10,9820
8821,6068,Karachi,Islamabad,MMS,Noon,4,3,12
1111,4977,Karachi,Karachi,MMS,Night,9,3,27
3650,7518,Lahore,Karachi,Voice,Afternoon,12,10,120
8736,5486,Gujranwala,Faisalabad,Voice,Noon,35,10,350
6708,1824,Karachi,Karachi,Text,Night,1,1,1
2906,6422,Lahore,Faisalabad,Text,Noon,1,1,1
1824,3019,Karachi,Lahore,Text,Morning,5,1,5
7997,4428,Karachi,Karachi,Web,Noon,642,10,6420
1115,2620,Faisalabad,Lahore,Voice,Night,1,10,10
4248,7037,Faisalabad,Karachi,Text,Morning,5,1,5
4512,6121,Karachi,Lahore,Text,Night,8,1,8
6316,8793,Faisalabad,Hyderabad,Web,Morning,211,10,2110
2044,2906,Lahore,Hyderabad,MMS,Morning,5,3,15
2620,8247,Karachi,Lahore,Text,Noon,7,1,7
8828,2906,Lahore,Karachi,Text,Afternoon,6,1,6
9582,4571,Karachi,Peshawar,Web,Noon,758,10,7580
2620,2807,Lahore,Lahore,Web,Night,587,10,5870
2620,9898,Lahore,Lahore,Text,Afternoon,8,1,8
1966,8583,Faisalabad,Karachi,Text,Afternoon,1,1,1
4042,4512,Karachi,Hyderabad,MMS,Noon,1,3,3
3019,5352,Karachi,Karachi,Web,Noon,568,10,5680
2173,9315,Karachi,Lahore,Text,Night,2,1,2
6316,2620,Karachi,Gujranwala,Voice,Afternoon,37,10,370
4571,7766,Karachi,Faisalabad,Voice,Night,50,10,500
1484,2620,Karachi,Faisalabad,MMS,Noon,2,3,6
9461,5394,Lahore,Islamabad,MMS,Afternoon,9,3,27
7675,2906,Karachi,Karachi,Voice,Noon,4,10,40
9993,2906,Gujranwala,Karachi,Web,Night,371,10,3710
4428,2906,Lahore,Lahore,MMS,Late Night,4,3,12
2620,8335,Gujranwala,Lahore,MMS,Morning,8,3,24
2044,1240,Karachi,Peshawar,MMS,Night,3,3,9
6910,2948,Karachi,Karachi,Web,Late Night,119,10,1190
9315,8494,Islamabad,Multan,Web,Night,615,10,6150
1997,8335,Karachi,Lahore,Text,Night,5,1,5
8953,2620,Karachi,Hyderabad,Text,Morning,9,1,9
8029,9703,Sargodha,Karachi,MMS,Noon,4,3,12
7869,2340,Karachi,Karachi,Voice,Noon,11,10,110
8912,1589,Hyderabad,Karachi,Web,Afternoon,587,10,5870
7195,2136,Rawalpindi,Lahore,Voice,Night,34,10,340
3847,4245,Karachi,Peshawar,Web,Noon,487,10,4870
2127,2586,Rawalpindi,Lahore,MMS,Noon,3,3,9
4632,7940,Sialkot,Hyderabad,Voice,Afternoon,43,10,430
2906,6087,Faisalabad,Karachi,Voice,Afternoon,40,10,400
2906,8723,Lahore,Lahore,Web,Night,736,10,7360
2906,4893,Karachi,Karachi,Text,Morning,6,1,6
2620,2906,Sargodha,Hyderabad,Text,Morning,3,1,3
8247,3391,Rawalpindi,Peshawar,Text,Night,6,1,6
7836,2906,Karachi,Gujranwala,Text,Afternoon,5,1,5
2620,1380,Karachi,Karachi,Voice,Night,23,10,230
4280,3239,Gujranwala,Faisalabad,Text,Noon,7,1,7
6673,2906,Rawalpindi,Sukkur,Text,Afternoon,5,1,5
9280,2620,Peshawar,Karachi,Web,Morning,608,10,6080
9568,5749,Karachi,Peshawar,Text,Morning,1,1,1
9103,2906,Karachi,Karachi,Web,Night,894,10,8940
9898,1354,Sargodha,Lahore,MMS,Night,3,3,9
2620,1111,Lahore,Karachi,Text,Night,6,1,6
6227,9898,Bahawalpur,Lahore,Voice,Afternoon,58,10,580
5945,1824,Lahore,Lahore,Voice,Morning,40,10,400
2807,6913,Multan,Karachi,Web,Afternoon,503,10,5030
7587,2620,Sukkur,Karachi,MMS,Noon,7,3,21
2620,8420,Karachi,Multan,Text,Night,6,1,6
1380,6708,Karachi,Karachi,Web,Afternoon,722,10,7220
4280,7195,Islamabad,Karachi,MMS,Afternoon,1,3,3
1482,8793,Faisalabad,Lahore,Web,Noon,145,10,1450
4346,5394,Lahore,Karachi,MMS,Night,4,3,12
4596,2906,Karachi,Sialkot,Text,Noon,9,1,9
5891,1661,Karachi,Karachi,Text,Night,2,1,2
4346,6634,Karachi,Lahore,Text,Night,9,1,9
7032,4893,Islamabad,Lahore,Voice,Morning,1,10,10
1318,2906,Rawalpindi,Lahore,Web,Night,337,10,3370
4602,8516,Karachi,Lahore,Voice,Afternoon,2,10,20
6708,2906,Karachi,Faisalabad,Text,Night,9,1,9
2620,7212,Karachi,Lahore,MMS,Noon,5,3,15
3883,7386,Gujranwala,Lahore,Text,Afternoon,7,1,7
3707,6792,Lahore,Lahore,Text,Afternoon,1,1,1
9898,4632,Lahore,Karachi,MMS,Noon,3,3,9
8723,4959,Karachi,Karachi,Text,Noon,4,1,4
2620,3495,Karachi,Faisalabad,Voice,Noon,26,10,260
1240,2906,Karachi,Quetta,Text,Afternoon,4,1,4
4607,8723,Sargodha,Rawalpindi,Voice,Night,21,10,210
7421,3361,Faisalabad,Lahore,Text,Night,3,1,3
3361,7836,Lahore,Lahore,Text,Afternoon,1,1,1
2620,5780,Sialkot,Karachi,Web,Noon,678,10,6780
5649,6150,Lahore,Peshawar,Text,Night,9,1,9
4428,1318,Bahawalpur,Karachi,Text,Afternoon,8,1,8
7940,8772,Karachi,Faisalabad,MMS,Noon,2,3,6
1298,2620,Faisalabad,Karachi,MMS,Morning,1,3,3
8879,5486,Multan,Multan,Text,Night,8,1,8
6487,1661,Peshawar,Peshawar,Text,Afternoon,7,1,7
9358,8335,Karachi,Faisalabad,Voice,Noon,13,10,130
5891,2620,Bahawalpur,Karachi,Text,Afternoon,6,1,6
8953,6708,Lahore,Lahore,Text,Noon,9,1,9
5311,2746,Karachi,Karachi,MMS,Noon,2,3,6
8320,2201,Karachi,Faisalabad,Text,Late Night,4,1,4
4571,4632,Karachi,Karachi,Text,Night,7,1,7
9828,6723,Karachi,Gujranwala,Text,Noon,5,1,5
8166,5945,Karachi,Rawalpindi,Text,Afternoon,5,1,5
5958,1661,Sukkur,Karachi,Text,Noon,4,1,4
7037,5725,Faisalabad,Lahore,Text,Late Night,7,1,7
8312,2620,Lahore,Lahore,Text,Night,9,1,9
4632,2746,Lahore,Lahore,Text,Late Night,5,1,5
4280,8861,Karachi,Gujranwala,Text,Morning,5,1,5
2948,4602,Karachi,Karachi,MMS,Afternoon,5,3,15
7421,6087,Karachi,Lahore,Text,Noon,6,1,6
4346,1021,Karachi,Gujranwala,Text,Afternoon,1,1,1
1202,8320,Lahore,Islamabad,Text,Night,9,1,9
3829,7121,Lahore,Peshawar,Web,Afternoon,255,10,2550
3239,7587,Lahore,Karachi,MMS,Afternoon,9,3,27
2906,2953,Lahore,Lahore,Text,Afternoon,7,1,7
5754,4607,Lahore,Karachi,Text,Afternoon,3,1,3
4571,1115,Lahore,Lahore,Text,Afternoon,9,1,9
8793,9898,Lahore,Karachi,Text,Morning,9,1,9
4632,2906,Karachi,Gujranwala,Text,Morning,4,1,4
2136,6708,Sialkot,Sargodha,Text,Afternoon,1,1,1
2662,9074,Faisalabad,Lahore,MMS,Noon,2,3,6
9168,1853,Hyderabad,Karachi,Text,Afternoon,4,1,4
4428,2340,Karachi,Faisalabad,Text,Night,3,1,3
7137,5749,Karachi,Karachi,MMS,Afternoon,1,3,3
6068,5228,Sukkur,Faisalabad,Voice,Morning,57,10,570
2620,2746,Peshawar,Karachi,Web,Noon,344,10,3440
2569,9828,Lahore,Lahore,MMS,Night,2,3,6
4818,8757,Lahore,Lahore,Text,Afternoon,9,1,9
2620,7947,Peshawar,Lahore,Voice,Afternoon,20,10,200
5847,6406,Karachi,Faisalabad,Text,Noon,2,1,2
4143,6619,Hyderabad,Rawalpindi,Text,Afternoon,7,1,7
2620,1380,Peshawar,Multan,Text,Night,2,1,2
6227,3707,Lahore,Lahore,Text,Night,9,1,9
5394,3496,Karachi,Karachi,Text,Night,1,1,1
2906,6708,Lahore,Karachi,Text,Noon,7,1,7
9568,6708,Lahore,Sargodha,Text,Afternoon,1,1,1
3933,2620,Karachi,Karachi,Text,Night,6,1,6
3289,6792,Karachi,Lahore,MMS,Night,7,3,21
5649,4555,Multan,Lahore,Text,Afternoon,2,1,2
5083,2620,Lahore,Karachi,Text,Afternoon,4,1,4
6977,1115,Lahore,Karachi,Text,Afternoon,8,1,8
7749,2953,Karachi,Gujranwala,Voice,Noon,31,10,310
2662,1868,Karachi,Peshawar,Text,Morning,9,1,9
2906,2953,Rawalpindi,Karachi,Text,Night,3,1,3
4947,8009,Faisalabad,Multan,Voice,Noon,36,10,360
4927,5676,Lahore,Karachi,Voice,Noon,39,10,390
7121,8723,Lahore,Karachi,Text,Night,7,1,7
2620,2906,Karachi,Bahawalpur,Text,Night,9,1,9
2620,6182,Karachi,Karachi,Text,Night,2,1,2
2807,2266,Lahore,Islamabad,Text,Noon,5,1,5
3105,6766,Lahore,Karachi,Text,Morning,8,1,8
9395,2383,Karachi,Rawalpindi,MMS,Night,3,3,9
8320,7594,Karachi,Sialkot,MMS,Afternoon,9,3,27
2620,9898,Karachi,Lahore,Text,Noon,2,1,2
2807,2906,Bahawalpur,Karachi,Text,Afternoon,3,1,3
9157,5749,Peshawar,Karachi,Text,Night,2,1,2
8912,3495,Faisalabad,Karachi,Text,Afternoon,7,1,7
7594,9898,Karachi,Rawalpindi,Text,Afternoon,2,1,2
9669,2620,Lahore,Sukkur,Text,Night,4,1,4
8736,8821,Karachi,Faisalabad,Text,Afternoon,4,1,4
3707,1661,Hyderabad,Lahore,Text,Night,4,1,4
6593,2906,Lahore,Lahore,MMS,Night,4,3,12
6754,8420,Gujranwala,Faisalabad,Text,Night,5,1,5
2620,9898,Quetta,Lahore,Text,Afternoon,6,1,6
6068,9898,Karachi,Karachi,MMS,Noon,8,3,24
5649,2906,Lahore,Gujranwala,Voice,Morning,54,10,540
4211,2620,Rawalpindi,Faisalabad,Text,Morning,5,1,5
2906,4240,Karachi,Karachi,Voice,Night,29,10,290
9255,1661,Islamabad,Lahore,MMS,Noon,2,3,6
5311,1380,Rawalpindi,Karachi,MMS,Noon,9,3,27
6723,2906,Bahawalpur,Lahore,Text,Night,3,1,3
9157,2620,Lahore,Lahore,Text,Afternoon,3,1,3
9358,5958,Quetta,Bahawalpur,Voice,Afternoon,36,10,360
2906,1484,Karachi,Hyderabad,Text,Afternoon,5,1,5
2906,9669,Rawalpindi,Lahore,Voice,Afternoon,9,10,90
1868,3239,Lahore,Karachi,Text,Noon,7,1,7
1661,5797,Karachi,Rawalpindi,Voice,Afternoon,7,10,70
2620,7997,Gujranwala,Lahore,Voice,Afternoon,25,10,250
7947,4512,Karachi,Islamabad,Text,Afternoon,3,1,3
7594,9568,Faisalabad,Gujranwala,Text,Late Night,9,1,9
8011,7749,Peshawar,Karachi,Voice,Late Night,21,10,210
9568,4555,Karachi,Lahore,Text,Night,3,1,3
4496,5394,Karachi,Karachi,MMS,Afternoon,9,3,27
9828,6977,Karachi,Karachi,Text,Afternoon,9,1,9
6487,7037,Karachi,Lahore,Voice,Afternoon,59,10,590
1824,6422,Rawalpindi,Karachi,Web,Noon,889,10,8890
5486,2620,Sargodha,Karachi,Web,Morning,141,10,1410
3019,2620,Faisalabad,Peshawar,Voice,Noon,59,10,590
6633,6075,Lahore,Rawalpindi,Text,Noon,7,1,7
7587,9280,Sialkot,Multan,MMS,Night,7,3,21
7869,5891,Karachi,Karachi,Web,Night,218,10,2180
5891,8745,Rawalpindi,Karachi,Text,Afternoon,4,1,4
1869,8029,Gujranwala,Karachi,Voice,Morning,4,10,40
9582,1824,Lahore,Rawalpindi,Voice,Afternoon,32,10,320
9160,8018,Rawalpindi,Lahore,Text,Afternoon,7,1,7
6465,6671,Faisalabad,Karachi,Voice,Noon,39,10,390
8312,1494,Karachi,Lahore,MMS,Afternoon,8,3,24
5649,2620,Peshawar,Faisalabad,Text,Night,3,1,3
8912,8745,Karachi,Faisalabad,Text,Late Night,2,1,2
6489,4248,Lahore,Faisalabad,Text,Night,3,1,3
5649,7582,Islamabad,Lahore,MMS,Morning,1,3,3
3017,4512,Karachi,Lahore,Text,Night,3,1,3
8195,6087,Faisalabad,Karachi,Text,Afternoon,1,1,1
1202,3947,Karachi,Karachi,Text,Night,1,1,1
9828,2953,Karachi,Karachi,Web,Noon,174,10,1740
2620,2266,Peshawar,Sargodha,Voice,Morning,27,10,270
2137,2953,Rawalpindi,Karachi,Text,Noon,7,1,7
5649,2906,Karachi,Peshawar,Voice,Night,26,10,260
2620,4280,Karachi,Sargodha,Voice,Afternoon,42,10,420
1115,1661,Karachi,Hyderabad,Voice,Noon,30,10,300
8772,6634,Hyderabad,Karachi,Text,Late Night,1,1,1
5486,2953,Sialkot,Lahore,Text,Night,3,1,3
4772,5352,Karachi,Quetta,MMS,Night,8,3,24
2906,6766,Karachi,Karachi,Voice,Morning,7,10,70
3947,6068,Rawalpindi,Gujranwala,MMS,Night,5,3,15
2062,9898,Karachi,Karachi,Text,Night,2,1,2
1824,1997,Karachi,Islamabad,Voice,Afternoon,55,10,550
8825,7278,Lahore,Lahore,Voice,Afternoon,24,10,240
2595,1853,Karachi,Hyderabad,Text,Noon,4,1,4
8335,2620,Lahore,Karachi,Text,Afternoon,3,1,3
4959,4927,Multan,Karachi,MMS,Night,2,3,6
5071,8723,Karachi,Gujranwala,MMS,Afternoon,9,3,27
7594,5891,Karachi,Lahore,MMS,Afternoon,9,3,27
4533,2906,Rawalpindi,Lahore,Text,Night,2,1,2
5945,6723,Lahore,Lahore,Web,Night,452,10,4520
9461,2136,Karachi,Lahore,Voice,Night,34,10,340
9255,2075,Lahore,Quetta,MMS,Morning,3,3,9
8723,4596,Gujranwala,Peshawar,Text,Noon,8,1,8
2906,8637,Lahore,Karachi,Web,Afternoon,303,10,3030
2620,3324,Karachi,Karachi,MMS,Night,3,3,9
8723,1853,Multan,Karachi,Text,Afternoon,1,1,1
2906,2620,Peshawar,Lahore,Voice,Noon,51,10,510
2953,8773,Karachi,Karachi,Voice,Afternoon,54,10,540
4596,5394,Faisalabad,Bahawalpur,MMS,Noon,1,3,3
4632,4248,Gujranwala,Karachi,Text,Night,6,1,6
4052,6489,Peshawar,Multan,Text,Noon,5,1,5
9395,1202,Sargodha,Multan,Text,Morning,4,1,4
2662,2620,Lahore,Lahore,Text,Noon,7,1,7
2906,8821,Multan,Islamabad,Text,Noon,1,1,1
2620,6754,Karachi,Karachi,Text,Night,9,1,9
8723,8879,Karachi,Karachi,Text,Night,9,1,9
9160,2906,Rawalpindi,Faisalabad,Voice,Afternoon,10,10,100
6633,6229,Quetta,Lahore,Text,Afternoon,1,1,1
2171,4042,Lahore,Multan,MMS,Night,2,3,6
7594,8821,Islamabad,Lahore,Text,Afternoon,7,1,7
2959,1166,Faisalabad,Lahore,MMS,Morning,1,3,3
6068,6422,Rawalpindi,Faisalabad,Text,Night,9,1,9
2906,2620,Karachi,Lahore,MMS,Afternoon,7,3,21
9103,2906,Lahore,Karachi,Text,Morning,9,1,9
5676,7675,Rawalpindi,Karachi,Text,Noon,3,1,3
5958,6708,Lahore,Lahore,Text,Noon,3,1,3
2906,2620,Islamabad,Rawalpindi,Voice,Night,48,10,480
2906,9705,Peshawar,Karachi,Text,Night,6,1,6
9898,3239,Hyderabad,Multan,Web,Night,802,10,8020
3882,2620,Karachi,Karachi,Web,Afternoon,507,10,5070
4280,4555,Peshawar,Karachi,Text,Noon,7,1,7
7032,1997,Multan,Lahore,Text,Night,3,1,3
5563,4977,Lahore,Lahore,Text,Afternoon,7,1,7
2391,5891,Karachi,Multan,Voice,Afternoon,1,10,10
2906,4555,Lahore,Multan,Web,Afternoon,485,10,4850
2620,9898,Peshawar,Karachi,Web,Noon,267,10,2670
7586,6229,Lahore,Sargodha,Text,Noon,2,1,2
3341,2906,Faisalabad,Gujranwala,Text,Late Night,8,1,8
6708,3289,Karachi,Multan,Text,Morning,4,1,4
7940,2906,Karachi,Rawalpindi,Text,Noon,9,1,9
2620,5780,Karachi,Rawalpindi,Voice,Afternoon,55,10,550
3504,1661,Karachi,Lahore,Text,Night,3,1,3
3856,1868,Gujranwala,Bahawalpur,MMS,Late Night,7,3,21
8009,5958,Lahore,Rawalpindi,Text,Afternoon,5,1,5
2906,6487,Bahawalpur,Multan,Voice,Noon,56,10,560
2391,4240,Peshawar,Faisalabad,Text,Afternoon,2,1,2
9308,2953,Karachi,Sargodha,Text,Morning,4,1,4
4248,2906,Lahore,Lahore,Voice,Afternoon,21,10,210
6723,2620,Karachi,Gujranwala,Text,Night,5,1,5
2595,3324,Karachi,Sukkur,Text,Night,6,1,6
3334,2620,Bahawalpur,Karachi,MMS,Noon,9,3,27
5394,4953,Peshawar,Hyderabad,Web,Morning,684,10,6840
5780,9168,Karachi,Peshawar,Voice,Afternoon,19,10,190
2620,8745,Karachi,Peshawar,Text,Night,6,1,6
4143,6363,Peshawar,Karachi,Text,Morning,3,1,3
4280,1824,Lahore,Karachi,Voice,Afternoon,26,10,260
5989,4243,Faisalabad,Karachi,Text,Afternoon,7,1,7
3495,2620,Karachi,Karachi,Text,Afternoon,4,1,4
9157,2959,Karachi,Karachi,Text,Noon,8,1,8
2906,6913,Sargodha,Gujranwala,Text,Late Night,1,1,1
8052,8335,Islamabad,Lahore,Voice,Morning,22,10,220
6316,2127,Karachi,Karachi,Text,Afternoon,3,1,3
1202,2906,Rawalpindi,Karachi,Voice,Afternoon,18,10,180
8821,2595,Faisalabad,Sukkur,Text,Morning,9,1,9
5563,8052,Bahawalpur,Multan,Text,Night,9,1,9
3707,2906,Lahore,Lahore,Voice,Afternoon,32,10,320
8195,8494,Faisalabad,Karachi,Voice,Night,34,10,340
3496,2171,Gujranwala,Lahore,MMS,Afternoon,5,3,15
1825,5725,Karachi,Bahawalpur,MMS,Night,8,3,24
6487,9395,Gujranwala,Faisalabad,Voice,Night,11,10,110
2620,7766,Karachi,Lahore,Text,Afternoon,5,1,5
4042,7766,Karachi,Faisalabad,Text,Noon,7,1,7
4632,8745,Lahore,Karachi,Text,Night,5,1,5
8930,1021,Karachi,Karachi,Text,Morning,8,1,8
4533,4923,Lahore,Lahore,Text,Night,2,1,2
1484,2620,Faisalabad,Faisalabad,Text,Noon,7,1,7
5676,8861,Karachi,Karachi,Text,Afternoon,6,1,6
4632,2807,Peshawar,Lahore,Web,Noon,407,10,4070
8637,3334,Karachi,Hyderabad,MMS,Night,2,3,6
8773,7421,Sialkot,Hyderabad,Voice,Noon,35,10,350
5780,1589,Karachi,Lahore,Text,Noon,7,1,7
7137,2340,Karachi,Karachi,Voice,Morning,50,10,500
9669,9934,Karachi,Karachi,MMS,Afternoon,2,3,6
2065,8484,Peshawar,Quetta,MMS,Morning,8,3,24
8821,8861,Lahore,Sargodha,Text,Afternoon,3,1,3
2620,4571,Karachi,Lahore,Text,Afternoon,1,1,1
1824,5563,Karachi,Quetta,MMS,Night,3,3,9
1853,7586,Bahawalpur,Karachi,Text,Afternoon,5,1,5
4240,1115,Lahore,Lahore,Voice,Noon,16,10,160
8993,5071,Faisalabad,Gujranwala,MMS,Morning,7,3,21
9308,3650,Hyderabad,Karachi,Text,Night,3,1,3
2906,6121,Lahore,Karachi,Text,Late Night,5,1,5
4052,8745,Karachi,Faisalabad,Text,Afternoon,2,1,2
4143,2136,Faisalabad,Karachi,Text,Night,6,1,6
8583,4240,Gujranwala,Multan,Voice,Late Night,42,10,420
2620,3361,Faisalabad,Karachi,Text,Noon,9,1,9
2620,5963,Hyderabad,Hyderabad,MMS,Noon,6,3,18
2906,4772,Lahore,Peshawar,Text,Night,5,1,5
6708,8018,Lahore,Karachi,Text,Night,3,1,3
8312,8953,Karachi,Karachi,Text,Afternoon,5,1,5
2953,7947,Karachi,Peshawar,Text,Morning,6,1,6
2620,2906,Karachi,Peshawar,Web,Afternoon,303,10,3030
5780,6168,Faisalabad,Karachi,Text,Afternoon,4,1,4
3933,3856,Karachi,Faisalabad,MMS,Night,4,3,12
1482,8828,Karachi,Quetta,Voice,Night,11,10,110
2906,6640,Lahore,Rawalpindi,Web,Afternoon,541,10,5410
1661,2906,Karachi,Bahawalpur,MMS,Late Night,1,3,3
2959,6316,Karachi,Karachi,Voice,Noon,55,10,550
5563,4607,Karachi,Karachi,Text,Afternoon,8,1,8
6244,2569,Karachi,Gujranwala,MMS,Afternoon,3,3,9
1966,2906,Lahore,Karachi,Voice,Late Night,56,10,560
2906,1115,Peshawar,Karachi,Text,Late Night,3,1,3
1335,8821,Karachi,Multan,Text,Night,8,1,8
4571,9568,Peshawar,Lahore,Text,Afternoon,9,1,9
6489,2340,Lahore,Karachi,Text,Night,4,1,4
6229,3847,Faisalabad,Lahore,Text,Afternoon,9,1,9
6708,7031,Karachi,Karachi,Text,Afternoon,7,1,7
8335,4808,Karachi,Karachi,MMS,Night,7,3,21
2906,8821,Lahore,Karachi,Voice,Afternoon,24,10,240
4602,7137,Sialkot,Karachi,MMS,Afternoon,4,3,12
4240,2586,Karachi,Karachi,Text,Afternoon,6,1,6
9669,8821,Faisalabad,Karachi,Text,Night,1,1,1
2953,1824,Karachi,Gujranwala,MMS,Night,2,3,6
2906,8821,Faisalabad,Lahore,Text,Night,8,1,8
3341,1087,Sukkur,Faisalabad,Voice,Afternoon,43,10,430
1824,1166,Karachi,Karachi,Text,Night,9,1,9
2595,9280,Karachi,Peshawar,Text,Afternoon,2,1,2
2906,8522,Gujranwala,Faisalabad,Text,Late Night,6,1,6
2906,5945,Karachi,Faisalabad,MMS,Night,7,3,21
3496,1482,Rawalpindi,Karachi,Voice,Afternoon,12,10,120
1087,1868,Karachi,Bahawalpur,MMS,Afternoon,2,3,6
5340,1868,Karachi,Karachi,Text,Late Night,8,1,8
7940,1202,Karachi,Karachi,Voice,Afternoon,36,10,360
8153,2127,Karachi,Rawalpindi,Voice,Night,11,10,110
1203,1484,Rawalpindi,Karachi,MMS,Afternoon,5,3,15
2906,2620,Lahore,Lahore,Voice,Morning,54,10,540
8166,3324,Faisalabad,Sargodha,Text,Morning,6,1,6
8723,6723,Multan,Karachi,Text,Night,3,1,3
3105,8312,Gujranwala,Peshawar,Text,Late Night,6,1,6
2906,2620,Karachi,Karachi,Text,Afternoon,8,1,8
2137,8420,Lahore,Lahore,MMS,Noon,5,3,15
1354,9308,Karachi,Lahore,Text,Afternoon,8,1,8
2620,2953,Karachi,Lahore,Text,Night,5,1,5
6227,1661,Peshawar,Lahore,MMS,Night,3,3,9
3882,5891,Karachi,Karachi,Text,Morning,7,1,7
9898,6977,Lahore,Lahore,Voice,Morning,34,10,340
7067,5780,Quetta,Karachi,Voice,Late Night,1,10,10
8516,6708,Lahore,Islamabad,Voice,Afternoon,26,10,260
8166,3361,Rawalpindi,Sukkur,Voice,Noon,47,10,470
2620,9669,Karachi,Karachi,Voice,Afternoon,1,10,10
2620,5649,Lahore,Lahore,Text,Night,7,1,7
5891,2201,Lahore,Lahore,Text,Night,2,1,2
4669,5486,Lahore,Lahore,Web,Afternoon,509,10,5090
5780,7778,Lahore,Karachi,MMS,Noon,7,3,21
2899,4571,Karachi,Karachi,Text,Noon,1,1,1
8200,3847,Lahore,Lahore,Web,Night,542,10,5420
8335,4923,Lahore,Lahore,Text,Night,1,1,1
6723,5891,Sukkur,Karachi,Text,Night,2,1,2
2620,2906,Lahore,Lahore,MMS,Night,1,3,3
7212,2620,Karachi,Sargodha,Text,Morning,9,1,9
5340,2906,Sialkot,Gujranwala,MMS,Night,5,3,15
3239,6068,Karachi,Lahore,Text,Night,7,1,7
2906,8011,Peshawar,Karachi,MMS,Afternoon,7,3,21
2906,2620,Karachi,Peshawar,Text,Morning,4,1,4
4533,8810,Hyderabad,Faisalabad,Voice,Afternoon,49,10,490
7594,2953,Lahore,Faisalabad,Text,Afternoon,8,1,8
8793,2906,Lahore,Islamabad,Text,Afternoon,3,1,3
2906,3239,Peshawar,Karachi,Voice,Morning,57,10,570
6673,9934,Peshawar,Rawalpindi,MMS,Afternoon,4,3,12
4502,2620,Karachi,Karachi,Text,Afternoon,3,1,3
9103,9898,Quetta,Lahore,Text,Noon,5,1,5
8821,9280,Lahore,Gujranwala,Voice,Noon,32,10,320
2620,2906,Karachi,Karachi,Text,Noon,8,1,8
2620,1380,Lahore,Islamabad,Web,Noon,418,10,4180
8879,8967,Lahore,Bahawalpur,Text,Noon,5,1,5
5228,8879,Peshawar,Lahore,Text,Noon,5,1,5
4959,1869,Lahore,Karachi,MMS,Night,2,3,6
4248,2340,Lahore,Lahore,Voice,Afternoon,38,10,380
8312,6465,Faisalabad,Lahore,Web,Afternoon,775,10,7750
2620,4632,Lahore,Sialkot,Text,Morning,1,1,1
9103,2906,Hyderabad,Gujranwala,Voice,Afternoon,49,10,490
5780,6068,Karachi,Karachi,Voice,Night,37,10,370
3105,9898,Lahore,Sargodha,Text,Noon,2,1,2
3753,1318,Rawalpindi,Multan,Text,Noon,7,1,7
9987,3289,Lahore,Gujranwala,Text,Noon,7,1,7
8793,4602,Lahore,Lahore,Text,Night,1,1,1
2620,4669,Karachi,Multan,MMS,Night,6,3,18
3361,1354,Lahore,Multan,Text,Afternoon,5,1,5
6363,2620,Karachi,Lahore,MMS,Noon,1,3,3
3289,8052,Faisalabad,Sialkot,Text,Afternoon,1,1,1
2620,7137,Sukkur,Karachi,Voice,Afternoon,39,10,390
5676,2906,Karachi,Lahore,Voice,Late Night,16,10,160
7427,7386,Karachi,Karachi,Voice,Late Night,20,10,200
2906,6544,Karachi,Lahore,Text,Night,8,1,8
7582,4248,Faisalabad,Faisalabad,Text,Afternoon,3,1,3
4632,6700,Karachi,Lahore,Text,Afternoon,3,1,3
3239,6182,Rawalpindi,Bahawalpur,Voice,Night,37,10,370
8828,2807,Karachi,Gujranwala,Text,Morning,4,1,4
2906,6708,Islamabad,Karachi,Text,Morning,4,1,4
6150,1494,Karachi,Lahore,MMS,Afternoon,1,3,3
9669,6316,Karachi,Lahore,Text,Late Night,6,1,6
7940,6487,Faisalabad,Lahore,Text,Afternoon,9,1,9
3239,8828,Lahore,Faisalabad,Voice,Afternoon,7,10,70
2620,9568,Lahore,Gujranwala,Text,Late Night,2,1,2
3947,6075,Lahore,Karachi,Text,Afternoon,6,1,6
